customer_id,customer_name,segment,city,state,country
CG-12520,Claire Gute,Consumer,Henderson,Kentucky,United States
DV-13045,Darrin Van Huff,Corporate,Los Angeles,California,United States
SO-20335,Sean O'Donnell,Consumer,Fort Lauderdale,Florida,United States
BH-11710,Brosina Hoffman,Consumer,Los Angeles,California,United States
AA-10480,Andrew Allen,Consumer,Concord,North Carolina,United States
IM-15070,Irene Maddox,Consumer,Seattle,Washington,United States
HP-14815,Harold Pawlan,Home Office,Fort Worth,Texas,United States
PK-19075,Pete Kriz,Consumer,Madison,Wisconsin,United States
AG-10270,Alejandro Grove,Consumer,West Jordan,Utah,United States
ZD-21925,Zuschuss Donatelli,Consumer,San Francisco,California,United States
KB-16585,Ken Black,Corporate,Fremont,Nebraska,United States
SF-20065,Sandra Flanagan,Consumer,Philadelphia,Pennsylvania,United States
EB-13870,Emily Burns,Consumer,Orem,Utah,United States
EH-13945,Eric Hoffmann,Consumer,Los Angeles,California,United States
TB-21520,Tracy Blumstein,Consumer,Philadelphia,Pennsylvania,United States
MA-17560,Matt Abelman,Home Office,Houston,Texas,United States
GH-14485,Gene Hale,Corporate,Richardson,Texas,United States
SN-20710,Steve Nguyen,Home Office,Houston,Texas,United States
LC-16930,Linda Cazamias,Corporate,Naperville,Illinois,United States
RA-19885,Ruben Ausman,Corporate,Los Angeles,California,United States
ES-14080,Erin Smith,Corporate,Melbourne,Florida,United States
ON-18715,Odella Nelson,Corporate,Eagan,Minnesota,United States
PO-18865,Patrick O'Donnell,Consumer,Westland,Michigan,United States
LH-16900,Lena Hernandez,Consumer,Dover,Delaware,United States
DP-13000,Darren Powers,Consumer,New Albany,Indiana,United States
JM-15265,Janet Molinari,Corporate,New York City,New York,United States
TB-21055,Ted Butterfield,Consumer,Troy,New York,United States
KM-16720,Kunst Miller,Consumer,Los Angeles,California,United States
PS-18970,Paul Stevenson,Home Office,Chicago,Illinois,United States
BS-11590,Brendan Sweed,Corporate,Gilbert,Arizona,United States
KD-16270,Karen Daniels,Consumer,Springfield,Virginia,United States
HM-14980,Henry MacAllister,Consumer,New York City,New York,United States
JE-15745,Joel Eaton,Consumer,Memphis,Tennessee,United States
KB-16600,Ken Brennan,Corporate,Houston,Texas,United States
SC-20770,Stewart Carmichael,Corporate,Decatur,Alabama,United States
DN-13690,Duane Noonan,Consumer,San Francisco,California,United States
JC-16105,Julie Creighton,Corporate,Durham,North Carolina,United States
CS-12400,Christopher Schild,Home Office,Chicago,Illinois,United States
PG-18895,Paul Gonzalez,Consumer,Rochester,Minnesota,United States
GM-14455,Gary Mitchum,Home Office,Houston,Texas,United States
JS-15685,Jim Sink,Corporate,Los Angeles,California,United States
KB-16315,Karl Braun,Consumer,Minneapolis,Minnesota,United States
RB-19705,Roger Barcio,Home Office,Portland,Oregon,United States
PN-18775,Parhena Norris,Home Office,New York City,New York,United States
KD-16345,Katherine Ducich,Consumer,San Francisco,California,United States
ER-13855,Elpida Rittenbach,Corporate,Saint Paul,Minnesota,United States
RB-19465,Rick Bensley,Home Office,Chicago,Illinois,United States
GZ-14470,Gary Zandusky,Consumer,Rochester,Minnesota,United States
LC-16870,Lena Cacioppo,Consumer,Aurora,Colorado,United States
JM-15250,Janet Martin,Consumer,Charlotte,North Carolina,United States
PA-19060,Pete Armstrong,Home Office,Orland Park,Illinois,United States
CV-12805,Cynthia Voltz,Corporate,New York City,New York,United States
CL-12565,Clay Ludtke,Consumer,Urbandale,Iowa,United States
RC-19960,Ryan Crowe,Consumer,Columbus,Ohio,United States
DK-13090,Dave Kipp,Consumer,Seattle,Washington,United States
GG-14650,Greg Guthrie,Corporate,Bristol,Tennessee,United States
SC-20725,Steven Cartwright,Consumer,Wilmington,Delaware,United States
AD-10180,Alan Dominguez,Home Office,Houston,Texas,United States
PF-19165,Philip Fox,Consumer,Bloomington,Illinois,United States
TS-21610,Troy Staebel,Consumer,Phoenix,Arizona,United States
LS-16975,Lindsay Shagiari,Home Office,Los Angeles,California,United States
DW-13585,Dorothy Wardle,Corporate,Columbus,Ohio,United States
LC-16885,Lena Creighton,Consumer,Roseville,California,United States
JD-15895,Jonathan Doherty,Corporate,Philadelphia,Pennsylvania,United States
SH-19975,Sally Hughsby,Corporate,San Francisco,California,United States
SG-20080,Sandra Glassco,Consumer,Independence,Missouri,United States
HA-14920,Helen Andreada,Consumer,Pasadena,California,United States
MG-17680,Maureen Gastineau,Home Office,Newark,Ohio,United States
JE-16165,Justin Ellison,Corporate,Franklin,Wisconsin,United States
TW-21025,Tamara Willingham,Home Office,Scottsdale,Arizona,United States
SP-20650,Stephanie Phelps,Corporate,San Jose,California,United States
NK-18490,Neil Knudson,Home Office,Seattle,Washington,United States
DB-13060,Dave Brooks,Consumer,Seattle,Washington,United States
NP-18670,Nora Paige,Consumer,Edmond,Oklahoma,United States
TT-21070,Ted Trevino,Consumer,Los Angeles,California,United States
EM-13960,Eric Murdock,Consumer,Philadelphia,Pennsylvania,United States
RD-19900,Ruben Dartt,Consumer,Carlsbad,New Mexico,United States
MJ-17740,Max Jones,Consumer,Seattle,Washington,United States
BM-11140,Becky Martin,Consumer,San Antonio,Texas,United States
CS-12130,Chad Sievert,Consumer,Los Angeles,California,United States
JB-15400,Jennifer Braxton,Corporate,Chicago,Illinois,United States
SJ-20500,Shirley Jackson,Consumer,Houston,Texas,United States
JK-15640,Jim Kriz,Home Office,New York City,New York,United States
DK-13150,David Kendrick,Corporate,Decatur,Illinois,United States
RM-19675,Robert Marley,Home Office,Monroe,Louisiana,United States
SK-19990,Sally Knutson,Consumer,Fairfield,Connecticut,United States
FM-14290,Frank Merwin,Home Office,Los Angeles,California,United States
AM-10360,Alice McCarthy,Corporate,Grand Prairie,Texas,United States
MP-17470,Mark Packer,Home Office,New York City,New York,United States
MZ-17515,Mary Zewe,Corporate,Redlands,California,United States
CB-12025,Cassandra Brandow,Consumer,Hamilton,Ohio,United States
VM-21685,Valerie Mitchum,Home Office,Westfield,New Jersey,United States
FH-14365,Fred Hopkins,Corporate,Philadelphia,Pennsylvania,United States
MB-17305,Maria Bertelson,Consumer,Akron,Ohio,United States
BS-11755,Bruce Stewart,Consumer,Denver,Colorado,United States
LC-17140,Logan Currie,Consumer,Dallas,Texas,United States
HK-14890,Heather Kirkland,Corporate,Franklin,Tennessee,United States
LE-16810,Laurel Elliston,Consumer,Whittier,California,United States
JH-15985,Joseph Holt,Consumer,Saginaw,Michigan,United States
MS-17980,Michael Stewart,Corporate,Dallas,Texas,United States
VW-21775,Victoria Wilson,Corporate,Medina,Ohio,United States
JH-15910,Jonathan Howell,Consumer,Los Angeles,California,United States
JB-15925,Joni Blumstein,Consumer,Dublin,Ohio,United States
DS-13180,David Smith,Corporate,Detroit,Michigan,United States
VD-21670,Valerie Dominguez,Consumer,Columbia,Tennessee,United States
EA-14035,Erin Ashbrook,Corporate,Charlotte,North Carolina,United States
DB-13120,David Bremer,Corporate,Santa Clara,California,United States
KL-16645,Ken Lonsdale,Consumer,Chicago,Illinois,United States
DW-13480,Dianna Wilson,Home Office,Lakeville,Minnesota,United States
LH-17155,Logan Haushalter,Consumer,San Francisco,California,United States
KC-16540,Kelly Collister,Consumer,San Diego,California,United States
DL-13315,Delfina Latchford,Consumer,New York City,New York,United States
DR-12880,Dan Reichenbach,Corporate,Chicago,Illinois,United States
CC-12670,Craig Carreira,Consumer,New York City,New York,United States
Dl-13600,Dorris liebe,Corporate,Pasadena,Texas,United States
SB-20290,Sean Braxton,Corporate,Houston,Texas,United States
RC-19825,Roy Collins,Consumer,Chicago,Illinois,United States
AH-10210,Alan Hwang,Consumer,Brentwood,California,United States
CB-12535,Claudia Bergmann,Corporate,Chapel Hill,North Carolina,United States
CA-12310,Christine Abelman,Corporate,Cincinnati,Ohio,United States
KH-16690,Kristen Hastings,Corporate,San Francisco,California,United States
BB-10990,Barry Blumstein,Corporate,Inglewood,California,United States
AG-10495,Andrew Gjertsen,Corporate,Philadelphia,Pennsylvania,United States
JO-15280,Jas O'Carroll,Consumer,Los Angeles,California,United States
AH-10195,Alan Haines,Corporate,Tamarac,Florida,United States
NZ-18565,Nick Zandusky,Home Office,Columbus,Ohio,United States
KL-16555,Kelly Lampkin,Corporate,Colorado Springs,Colorado,United States
AS-10225,Alan Schoenberger,Corporate,New York City,New York,United States
CR-12625,Corey Roper,Home Office,Lakewood,New Jersey,United States
SH-20395,Shahid Hopkins,Consumer,Arlington,Virginia,United States
BP-11185,Ben Peterman,Corporate,Arvada,Colorado,United States
TS-21205,Thomas Seio,Corporate,Hackensack,New Jersey,United States
AG-10525,Andy Gerbode,Corporate,Saint Petersburg,Florida,United States
SP-20860,Sung Pak,Corporate,Philadelphia,Pennsylvania,United States
NM-18445,Nathan Mautz,Home Office,New York City,New York,United States
FA-14230,Frank Atkinson,Corporate,Long Beach,California,United States
GK-14620,Grace Kelly,Corporate,Hesperia,California,United States
DJ-13510,Don Jones,Corporate,Murfreesboro,Tennessee,United States
PO-18850,Patrick O'Brill,Consumer,Philadelphia,Pennsylvania,United States
JL-15850,John Lucas,Consumer,Philadelphia,Pennsylvania,United States
DB-13615,Doug Bickford,Consumer,Los Angeles,California,United States
AC-10420,Alyssa Crouse,Corporate,San Francisco,California,United States
CC-12550,Clay Cheatham,Consumer,San Francisco,California,United States
TD-20995,Tamara Dahlen,Consumer,Lowell,Massachusetts,United States
AB-10060,Adam Bellavance,Home Office,New York City,New York,United States
JL-15505,Jeremy Lonsdale,Consumer,New York City,New York,United States
VB-21745,Victoria Brennan,Corporate,Columbus,Georgia,United States
KW-16435,Katrina Willman,Consumer,New York City,New York,United States
JD-16060,Julia Dunbar,Consumer,San Francisco,California,United States
MK-17905,Michael Kennedy,Corporate,Manchester,Connecticut,United States
GT-14755,Guy Thornton,Consumer,Harlingen,Texas,United States
AG-10900,Arthur Gainer,Consumer,Tucson,Arizona,United States
MM-18280,Muhammed MacIntyre,Corporate,Quincy,Illinois,United States
AR-10405,Allen Rosenblatt,Corporate,Franklin,Massachusetts,United States
RA-19915,Russell Applegate,Consumer,Houston,Texas,United States
AS-10285,Alejandro Savely,Corporate,San Francisco,California,United States
LA-16780,Laura Armstrong,Corporate,Taylor,Michigan,United States
DO-13435,Denny Ordway,Consumer,Pembroke Pines,Florida,United States
DK-13225,Dean Katz,Corporate,Philadelphia,Pennsylvania,United States
NG-18430,Nathan Gelder,Consumer,Cincinnati,Ohio,United States
MV-18190,Mike Vittorini,Consumer,New York City,New York,United States
JG-15115,Jack Garza,Consumer,Des Moines,Washington,United States
BP-11095,Bart Pistole,Corporate,Peoria,Illinois,United States
VP-21730,Victor Preis,Home Office,Las Vegas,Nevada,United States
SS-20140,Saphhira Shifley,Corporate,Warwick,Rhode Island,United States
AG-10675,Anna Gayman,Consumer,Houston,Texas,United States
LF-17185,Luke Foster,Consumer,Miami,Florida,United States
RF-19840,Roy Französisch,Consumer,New York City,New York,United States
KH-16510,Keith Herrera,Consumer,San Francisco,California,United States
KC-16675,Kimberly Carter,Corporate,Seattle,Washington,United States
CJ-12010,Caroline Jumper,Consumer,Huntington Beach,California,United States
PB-19150,Philip Brown,Consumer,Los Angeles,California,United States
MP-17965,Michael Paige,Corporate,Lawrence,Massachusetts,United States
NF-18385,Natalie Fritzler,Consumer,Jackson,Mississippi,United States
SD-20485,Shirley Daniels,Home Office,New Rochelle,New York,United States
KH-16630,Ken Heidel,Corporate,San Antonio,Texas,United States
RB-19795,Ross Baird,Home Office,Gastonia,North Carolina,United States
MK-18160,Mike Kennedy,Consumer,Jacksonville,Florida,United States
PO-19180,Philisse Overcash,Home Office,Chicago,Illinois,United States
BB-11545,Brenda Bowman,Corporate,Houston,Texas,United States
TB-21595,Troy Blackwell,Consumer,Columbus,Indiana,United States
RB-19360,Raymond Buch,Consumer,Auburn,New York,United States
EB-13705,Ed Braxton,Corporate,Akron,Ohio,United States
SC-20095,Sanjit Chand,Consumer,Concord,California,United States
TN-21040,Tanja Norvell,Home Office,Phoenix,Arizona,United States
JS-15940,Joni Sundaresam,Home Office,Park Ridge,Illinois,United States
MH-17785,Maya Herman,Corporate,Lindenhurst,New York,United States
JP-15520,Jeremy Pistek,Consumer,San Francisco,California,United States
JE-15475,Jeremy Ellison,Consumer,Troy,New York,United States
JG-15805,John Grady,Corporate,New York City,New York,United States
XP-21865,Xylona Preis,Consumer,San Diego,California,United States
EM-14065,Erin Mull,Consumer,New York City,New York,United States
MT-18070,Michelle Tran,Home Office,Los Angeles,California,United States
SA-20830,Sue Ann Reed,Consumer,Chicago,Illinois,United States
CW-11905,Carl Weiss,Home Office,Huntsville,Texas,United States
AJ-10960,Astrea Jones,Consumer,Rochester,New York,United States
SS-20590,Sonia Sunley,Consumer,Seattle,Washington,United States
RO-19780,Rose O'Brian,Consumer,Memphis,Tennessee,United States
MD-17350,Maribeth Dona,Consumer,Fayetteville,Arkansas,United States
MY-17380,Maribeth Yedwab,Corporate,Parker,Colorado,United States
CM-12385,Christopher Martinez,Consumer,Atlanta,Georgia,United States
LS-17245,Lynn Smith,Consumer,Gladstone,Missouri,United States
BN-11515,Bradley Nguyen,Consumer,Los Angeles,California,United States
DB-13210,Dean Braden,Consumer,Houston,Texas,United States
MC-17605,Matt Connell,Corporate,Detroit,Michigan,United States
BD-11605,Brian Dahlen,Consumer,Lawrence,Massachusetts,United States
PH-18790,Patricia Hirasaki,Home Office,Lakeland,Florida,United States
MG-18145,Mike Gockenbach,Consumer,Philadelphia,Pennsylvania,United States
KB-16240,Karen Bern,Corporate,Los Angeles,California,United States
JC-15340,Jasper Cacioppo,Consumer,Los Angeles,California,United States
RL-19615,Rob Lucas,Consumer,Montgomery,Alabama,United States
AA-10375,Allen Armold,Consumer,Mesa,Arizona,United States
EP-13915,Emily Phan,Consumer,Chicago,Illinois,United States
DK-12985,Darren Koutras,Consumer,Henderson,Kentucky,United States
BD-11500,Bradley Drucker,Consumer,Green Bay,Wisconsin,United States
LM-17065,Liz MacKendrick,Consumer,Springfield,Ohio,United States
AS-10135,Adrian Shami,Home Office,New York City,New York,United States
BD-11320,Bill Donatelli,Consumer,San Francisco,California,United States
GT-14710,Greg Tran,Consumer,Houston,Texas,United States
AJ-10945,Ashley Jarboe,Consumer,Wilmington,North Carolina,United States
OT-18730,Olvera Toch,Consumer,Los Angeles,California,United States
LP-17080,Liz Pelletier,Consumer,San Francisco,California,United States
CA-12775,Cynthia Arntzen,Consumer,Tampa,Florida,United States
JF-15490,Jeremy Farry,Consumer,Seattle,Washington,United States
FP-14320,Frank Preis,Consumer,Los Angeles,California,United States
EB-13840,Ellis Ballard,Corporate,Seattle,Washington,United States
JF-15415,Jennifer Ferguson,Consumer,New York City,New York,United States
SF-20200,Sarah Foster,Consumer,Marysville,Washington,United States
TG-21640,Trudy Glocke,Consumer,Long Beach,California,United States
CS-11950,Carlos Soltero,Consumer,Chicago,Illinois,United States
CC-12145,Charles Crestani,Consumer,Los Angeles,California,United States
DV-13465,Dianna Vittorini,Consumer,Denver,Colorado,United States
BD-11725,Bruce Degenhardt,Consumer,Richmond,Kentucky,United States
ZC-21910,Zuschuss Carroll,Consumer,Salem,Oregon,United States
MS-17830,Melanie Seite,Consumer,Laredo,Texas,United States
LR-16915,Lena Radford,Consumer,San Diego,California,United States
TP-21130,Theone Pippenger,Consumer,Philadelphia,Pennsylvania,United States
CK-12205,Chloris Kastensmidt,Consumer,Philadelphia,Pennsylvania,United States
AS-10240,Alan Shonely,Consumer,Tampa,Florida,United States
AR-10510,Andrew Roberts,Consumer,Philadelphia,Pennsylvania,United States
NB-18655,Nona Balk,Corporate,Dallas,Texas,United States
GD-14590,Giulietta Dortch,Corporate,Philadelphia,Pennsylvania,United States
CK-12595,Clytie Kelty,Consumer,Grove City,Ohio,United States
NG-18355,Nat Gilpin,Corporate,New York City,New York,United States
CA-12265,Christina Anderson,Consumer,Chicago,Illinois,United States
SF-20965,Sylvia Foulston,Corporate,Dearborn,Michigan,United States
MO-17800,Meg O'Connel,Home Office,New York City,New York,United States
AT-10735,Annie Thurman,Consumer,Seattle,Washington,United States
FM-14380,Fred McMath,Consumer,Aurora,Colorado,United States
DJ-13420,Denny Joy,Corporate,Warner Robins,Georgia,United States
ME-17725,Max Engle,Consumer,Aurora,Colorado,United States
JD-16150,Justin Deggeller,Corporate,Minneapolis,Minnesota,United States
JL-15835,John Lee,Consumer,Mission Viejo,California,United States
SC-20305,Sean Christensen,Consumer,Rochester Hills,Michigan,United States
CC-12430,Chuck Clark,Home Office,Columbus,Indiana,United States
AR-10825,Anthony Rawles,Corporate,Vancouver,Washington,United States
SR-20740,Steven Roelle,Home Office,New York City,New York,United States
CR-12730,Craig Reiter,Consumer,Columbus,Ohio,United States
EH-14125,Eugene Hildebrand,Home Office,Aurora,Illinois,United States
SP-20545,Sibella Parks,Corporate,New York City,New York,United States
TH-21235,Tiffany House,Corporate,Dallas,Texas,United States
RP-19390,Resi Pölking,Consumer,Cleveland,Ohio,United States
RB-19570,Rob Beeghly,Consumer,Columbus,Indiana,United States
CD-11980,Carol Darley,Consumer,Tyler,Texas,United States
DJ-13630,Doug Jacobs,Consumer,New York City,New York,United States
GT-14635,Grant Thornton,Corporate,Burlington,North Carolina,United States
MC-17845,Michael Chen,Consumer,Jackson,Mississippi,United States
RA-19285,Ralph Arnett,Consumer,New York City,New York,United States
NP-18325,Naresj Patel,Consumer,Waynesboro,Virginia,United States
AB-10165,Alan Barnes,Consumer,Los Angeles,California,United States
JO-15550,Jesus Ocampo,Home Office,Chester,Pennsylvania,United States
JK-15370,Jay Kimmel,Consumer,Long Beach,California,United States
BN-11470,Brad Norvell,Corporate,Cary,North Carolina,United States
DP-13165,David Philippe,Consumer,New York City,New York,United States
TH-21550,Tracy Hopkins,Home Office,New York City,New York,United States
AP-10915,Arthur Prichep,Consumer,Palm Coast,Florida,United States
RS-19765,Roland Schwarz,Corporate,Mount Vernon,New York,United States
SV-20365,Seth Vernon,Consumer,Dover,Delaware,United States
CK-12325,Christine Kargatis,Home Office,Orem,Utah,United States
RD-19810,Ross DeVincentis,Home Office,Los Angeles,California,United States
MR-17545,Mathew Reese,Home Office,Philadelphia,Pennsylvania,United States
SC-20695,Steve Chapman,Corporate,Hialeah,Florida,United States
JF-15355,Jay Fein,Consumer,Austin,Texas,United States
EG-13900,Emily Grady,Consumer,Oceanside,New York,United States
DS-13030,Darrin Sayre,Home Office,Seattle,Washington,United States
PO-19195,Phillina Ober,Home Office,Naperville,Illinois,United States
SS-20875,Sung Shariari,Consumer,Dallas,Texas,United States
PB-19105,Peter Bühler,Consumer,Evanston,Illinois,United States
RF-19735,Roland Fjeld,Consumer,Trenton,Michigan,United States
YC-21895,Yoseph Carroll,Corporate,San Francisco,California,United States
DC-13285,Debra Catini,Consumer,Cottage Grove,Minnesota,United States
CP-12340,Christine Phan,Corporate,New York City,New York,United States
BF-11020,Barry Französisch,Corporate,Green Bay,Wisconsin,United States
LH-17020,Lisa Hazard,Consumer,Columbus,Ohio,United States
CS-12250,Chris Selesnick,Corporate,Bossier City,Louisiana,United States
AJ-10795,Anthony Johnson,Corporate,Saint Petersburg,Florida,United States
BV-11245,Benjamin Venier,Corporate,Des Moines,Iowa,United States
DL-12865,Dan Lawera,Consumer,Cincinnati,Ohio,United States
BM-11785,Bryan Mills,Consumer,Columbus,Ohio,United States
LT-17110,Liz Thompson,Consumer,Lancaster,California,United States
JK-15730,Joe Kamberova,Consumer,Asheville,North Carolina,United States
ES-14020,Erica Smith,Consumer,San Francisco,California,United States
RH-19495,Rick Hansen,Consumer,Rochester,Minnesota,United States
CD-11920,Carlos Daly,Consumer,Lake Elsinore,California,United States
HW-14935,Helen Wasserman,Corporate,San Diego,California,United States
MC-18130,Mike Caudle,Corporate,Monroe,Louisiana,United States
GM-14440,Gary McGarr,Consumer,San Francisco,California,United States
PJ-19015,Pauline Johnson,Consumer,Santa Ana,California,United States
BW-11110,Bart Watters,Corporate,Milwaukee,Wisconsin,United States
TR-21325,Toby Ritter,Consumer,Belleville,New Jersey,United States
PG-18820,Patrick Gardner,Consumer,San Francisco,California,United States
JL-15175,James Lanier,Home Office,Columbia,Tennessee,United States
BM-11650,Brian Moss,Corporate,New York City,New York,United States
EM-14095,Eudokia Martin,Corporate,Los Angeles,California,United States
AF-10885,Art Foster,Consumer,Louisville,Kentucky,United States
GA-14725,Guy Armstrong,Consumer,Lorain,Ohio,United States
CK-12760,Cyma Kinney,Corporate,Linden,New Jersey,United States
DP-13105,Dave Poirier,Corporate,Salinas,California,United States
BK-11260,Berenike Kampe,Consumer,New York City,New York,United States
SJ-20125,Sanjit Jacobs,Home Office,New Brunswick,New Jersey,United States
CM-12445,Chuck Magee,Consumer,San Francisco,California,United States
AJ-10780,Anthony Jacobs,Corporate,Springfield,Virginia,United States
LS-16945,Linda Southworth,Corporate,Philadelphia,Pennsylvania,United States
GP-14740,Guy Phonely,Corporate,Lancaster,Pennsylvania,United States
PK-18910,Paul Knutson,Home Office,Philadelphia,Pennsylvania,United States
SM-20005,Sally Matthias,Consumer,New York City,New York,United States
AG-10765,Anthony Garverick,Home Office,Philadelphia,Pennsylvania,United States
PM-19135,Peter McVee,Home Office,Detroit,Michigan,United States
LL-16840,Lauren Leatherbury,Consumer,Rochester,New York,United States
JS-15595,Jill Stevenson,Corporate,Los Angeles,California,United States
EL-13735,Ed Ludwig,Home Office,Columbia,Maryland,United States
PC-18745,Pamela Coakley,Corporate,San Francisco,California,United States
HL-15040,Hunter Lopez,Consumer,Houston,Texas,United States
MS-17365,Maribeth Schnelling,Consumer,Detroit,Michigan,United States
GB-14530,George Bell,Corporate,Auburn,New York,United States
JR-16210,Justin Ritter,Corporate,Springfield,Ohio,United States
BE-11335,Bill Eplett,Home Office,Jackson,Michigan,United States
SC-20050,Sample Company A,Home Office,Norwich,Connecticut,United States
RW-19630,Rob Williams,Corporate,Dallas,Texas,United States
SE-20110,Sanjit Engle,Consumer,New York City,New York,United States
AH-10075,Adam Hart,Corporate,New York City,New York,United States
JM-15535,Jessica Myrick,Consumer,Philadelphia,Pennsylvania,United States
JJ-15760,Joel Jenkins,Home Office,Springfield,Virginia,United States
RK-19300,Ralph Kennedy,Consumer,Philadelphia,Pennsylvania,United States
CG-12040,Catherine Glotzbach,Home Office,Philadelphia,Pennsylvania,United States
RP-19270,Rachel Payne,Corporate,Riverside,California,United States
KC-16255,Karen Carlisle,Corporate,San Francisco,California,United States
KH-16360,Katherine Hughes,Consumer,Philadelphia,Pennsylvania,United States
GH-14665,Greg Hansen,Consumer,Round Rock,Texas,United States
SW-20275,Scott Williamson,Consumer,Jackson,Mississippi,United States
JA-15970,Joseph Airdo,Consumer,Phoenix,Arizona,United States
DL-12925,Daniel Lacy,Consumer,Oceanside,California,United States
LW-16990,Lindsay Williams,Corporate,San Francisco,California,United States
TB-21190,Thomas Brumley,Home Office,Fayetteville,Arkansas,United States
BS-11800,Bryan Spruell,Home Office,New York City,New York,United States
RW-19690,Robert Waldorf,Consumer,Wilmington,North Carolina,United States
TZ-21580,Tracy Zic,Consumer,Louisville,Colorado,United States
AS-10630,Ann Steele,Home Office,Pasadena,Texas,United States
TS-21340,Toby Swindell,Consumer,Houston,Texas,United States
SL-20155,Sara Luxemburg,Home Office,Jacksonville,Florida,United States
MW-18235,Mitch Willingham,Corporate,Virginia Beach,Virginia,United States
RD-19585,Rob Dowd,Consumer,Henderson,Kentucky,United States
RA-19945,Ryan Akin,Consumer,Murrieta,California,United States
MT-17815,Meg Tillman,Consumer,Scottsdale,Arizona,United States
VG-21790,Vivek Gonzalez,Consumer,San Diego,California,United States
JS-15880,John Stevenson,Consumer,Seattle,Washington,United States
KM-16225,Kalyca Meade,Corporate,New York City,New York,United States
HR-14770,Hallie Redmond,Home Office,Los Angeles,California,United States
DE-13255,Deanra Eno,Home Office,Springfield,Ohio,United States
AG-10390,Allen Goldenen,Consumer,Cincinnati,Ohio,United States
JJ-15445,Jennifer Jackson,Consumer,Los Angeles,California,United States
JH-15430,Jennifer Halladay,Consumer,Burlington,North Carolina,United States
RD-19660,Robert Dilbeck,Home Office,Saint Peters,Missouri,United States
MO-17500,Mary O'Rourke,Consumer,New York City,New York,United States
NS-18640,Noel Staavos,Corporate,Chicago,Illinois,United States
DG-13300,Deirdre Greer,Corporate,Philadelphia,Pennsylvania,United States
NF-18595,Nicole Fjeld,Home Office,New York City,New York,United States
MG-17650,Matthew Grinstein,Home Office,Philadelphia,Pennsylvania,United States
TS-21160,Theresa Swint,Corporate,Toledo,Ohio,United States
BD-11620,Brian DeCherney,Consumer,San Francisco,California,United States
CM-12160,Charles McCrossin,Consumer,Brownsville,Texas,United States
SN-20560,Skye Norling,Home Office,Los Angeles,California,United States
EH-14005,Erica Hernandez,Home Office,Denver,Colorado,United States
FO-14305,Frank Olsen,Consumer,New York City,New York,United States
MS-17710,Maurice Satty,Consumer,Mesa,Arizona,United States
CC-12100,Chad Cunningham,Home Office,Columbus,Indiana,United States
DW-13540,Don Weiss,Consumer,Seattle,Washington,United States
BT-11395,Bill Tyler,Corporate,Detroit,Michigan,United States
CY-12745,Craig Yedwab,Corporate,Oakland,California,United States
BT-11485,Brad Thomas,Home Office,Clinton,Maryland,United States
PS-19045,Penelope Sewall,Home Office,Charlotte,North Carolina,United States
PV-18985,Paul Van Hugh,Home Office,San Francisco,California,United States
NM-18520,Neoma Murray,Consumer,Riverside,California,United States
DL-13495,Dionis Lloyd,Corporate,San Francisco,California,United States
CS-12355,Christine Sundaresam,Consumer,Roswell,Georgia,United States
FH-14275,Frank Hawley,Corporate,La Porte,Indiana,United States
NC-18340,Nat Carroll,Consumer,Lansing,Michigan,United States
AA-10315,Alex Avila,Consumer,Minneapolis,Minnesota,United States
LT-16765,Larry Tron,Consumer,Escondido,California,United States
AP-10720,Anne Pryor,Home Office,New York City,New York,United States
PM-18940,Paul MacIntyre,Consumer,Jackson,Michigan,United States
AT-10435,Alyssa Tate,Home Office,Los Angeles,California,United States
CA-12055,Cathy Armstrong,Home Office,Houston,Texas,United States
HR-14830,Harold Ryan,Corporate,Seattle,Washington,United States
BT-11530,Bradley Talbott,Home Office,Los Angeles,California,United States
LH-16750,Larry Hughes,Consumer,Charlotte,North Carolina,United States
SW-20755,Steven Ward,Corporate,New York City,New York,United States
SP-20620,Stefania Perrino,Corporate,Philadelphia,Pennsylvania,United States
BF-11170,Ben Ferrer,Home Office,Los Angeles,California,United States
KT-16480,Kean Thornton,Consumer,Buffalo,New York,United States
BG-11695,Brooke Gillingham,Corporate,Cincinnati,Ohio,United States
GM-14680,Greg Matthias,Consumer,Seattle,Washington,United States
EJ-14155,Eva Jacobs,Consumer,Gulfport,Mississippi,United States
NP-18700,Nora Preis,Consumer,Fresno,California,United States
MH-18115,Mick Hernandez,Home Office,Chester,Pennsylvania,United States
JR-15700,Jocasta Rupert,Consumer,Jacksonville,Florida,United States
SM-20950,Suzanne McNair,Corporate,Greenville,North Carolina,United States
CC-12220,Chris Cortes,Consumer,La Porte,Indiana,United States
PF-19225,Phillip Flathmann,Consumer,San Francisco,California,United States
DC-12850,Dan Campbell,Consumer,Florence,Alabama,United States
BD-11770,Bryan Davis,Consumer,Houston,Texas,United States
GM-14500,Gene McClure,Consumer,Providence,Rhode Island,United States
TB-21355,Todd Boyes,Corporate,New York City,New York,United States
JH-16180,Justin Hirsh,Consumer,Pueblo,Colorado,United States
EB-13975,Erica Bern,Corporate,Fairfield,California,United States
QJ-19255,Quincy Jones,Corporate,Saint Paul,Minnesota,United States
TC-21535,Tracy Collins,Home Office,Arlington,Virginia,United States
CS-12460,Chuck Sachs,Consumer,Columbus,Georgia,United States
HG-14965,Henry Goldwyn,Corporate,Los Angeles,California,United States
LW-16825,Laurel Workman,Corporate,Deltona,Florida,United States
MC-17575,Matt Collins,Consumer,Cincinnati,Ohio,United States
LP-17095,Liz Preis,Consumer,Murray,Kentucky,United States
EB-14170,Evan Bailliet,Consumer,Wilmington,North Carolina,United States
GZ-14545,George Zrebassa,Corporate,Lawrence,Massachusetts,United States
CP-12085,Cathy Prescott,Corporate,Norwich,Connecticut,United States
FG-14260,Frank Gastineau,Home Office,San Francisco,California,United States
LD-17005,Lisa DeCherney,Consumer,San Francisco,California,United States
AB-10255,Alejandro Ballentine,Home Office,Lorain,Ohio,United States
MN-17935,Michael Nguyen,Consumer,Dallas,Texas,United States
JR-15670,Jim Radford,Consumer,Middletown,Connecticut,United States
JF-15190,Jamie Frazer,Consumer,Los Angeles,California,United States
CM-12115,Chad McGuire,Consumer,New York City,New York,United States
AS-10045,Aaron Smayling,Corporate,Jacksonville,North Carolina,United States
BP-11290,Beth Paige,Consumer,Evanston,Illinois,United States
ND-18370,Natalie DeCherney,Consumer,Louisville,Kentucky,United States
LB-16735,Larry Blacks,Consumer,Fort Worth,Texas,United States
KT-16465,Kean Takahito,Consumer,Los Angeles,California,United States
HM-14860,Harry Marie,Corporate,Philadelphia,Pennsylvania,United States
AB-10600,Ann Blume,Corporate,Tucson,Arizona,United States
SZ-20035,Sam Zeldin,Home Office,Pico Rivera,California,United States
MG-17890,Michael Granlund,Home Office,Clinton,Maryland,United States
JK-16120,Julie Kriz,Home Office,Aurora,Illinois,United States
PP-18955,Paul Prost,Home Office,Smyrna,Georgia,United States
YS-21880,Yana Sorensen,Corporate,Burlington,North Carolina,United States
KM-16375,Katherine Murray,Home Office,Salem,Virginia,United States
AB-10105,Adrian Barton,Consumer,Phoenix,Arizona,United States
HA-14905,Helen Abelman,Consumer,New York City,New York,United States
BT-11305,Beth Thompson,Home Office,Costa Mesa,California,United States
SV-20815,Stuart Van,Corporate,Houston,Texas,United States
RW-19540,Rick Wilson,Corporate,Mesa,Arizona,United States
DK-12835,Damala Kotsonis,Corporate,Salinas,California,United States
ST-20530,Shui Tom,Consumer,Parma,Ohio,United States
MM-17920,Michael Moore,Consumer,San Francisco,California,United States
PW-19030,Pauline Webber,Corporate,Richmond,Kentucky,United States
SC-20440,Shaun Chance,Corporate,Aurora,Colorado,United States
TS-21085,Thais Sissman,Consumer,Phoenix,Arizona,United States
MC-17425,Mark Cousins,Corporate,Mobile,Alabama,United States
ME-17320,Maria Etezadi,Home Office,Columbus,Georgia,United States
NH-18610,Nicole Hansen,Corporate,Irving,Texas,United States
MB-18085,Mick Brown,Consumer,Vineland,New Jersey,United States
KD-16495,Keith Dawkins,Corporate,New York City,New York,United States
KN-16390,Katherine Nockton,Corporate,Los Angeles,California,United States
NP-18685,Nora Pelletier,Home Office,Niagara Falls,New York,United States
CS-12505,Cindy Stewart,Consumer,Thomasville,North Carolina,United States
MS-17770,Maxwell Schwartz,Consumer,New York City,New York,United States
CM-12655,Corinna Mitchell,Home Office,Los Angeles,California,United States
Co-12640,Corey-Lock,Consumer,Philadelphia,Pennsylvania,United States
TS-21370,Todd Sumrall,Corporate,New York City,New York,United States
JW-15220,Jane Waco,Corporate,Vancouver,Washington,United States
JD-15790,John Dryer,Consumer,Coppell,Texas,United States
PC-19000,Pauline Chand,Home Office,Los Angeles,California,United States
AR-10540,Andy Reiter,Consumer,New York City,New York,United States
AI-10855,Arianne Irving,Consumer,Philadelphia,Pennsylvania,United States
TB-21400,Tom Boeckenhauer,Consumer,Seattle,Washington,United States
PL-18925,Paul Lucas,Home Office,Chicago,Illinois,United States
GH-14425,Gary Hwang,Consumer,Tucson,Arizona,United States
MP-18175,Mike Pelletier,Home Office,Laguna Niguel,California,United States
JM-15655,Jim Mitchum,Corporate,Bridgeton,New Jersey,United States
CL-11890,Carl Ludwig,Consumer,Everett,Massachusetts,United States
DB-13270,Deborah Brumfield,Home Office,San Diego,California,United States
IG-15085,Ivan Gibson,Consumer,San Diego,California,United States
BO-11425,Bobby Odegard,Consumer,Richmond,Kentucky,United States
AB-10150,Aimee Bixby,Consumer,Long Beach,New York,United States
JW-16075,Julia West,Consumer,Philadelphia,Pennsylvania,United States
EB-13750,Edward Becker,Corporate,Seattle,Washington,United States
SG-20470,Sheri Gordon,Consumer,New York City,New York,United States
CM-12190,Charlotte Melton,Consumer,Philadelphia,Pennsylvania,United States
AW-10840,Anthony Witt,Consumer,Allen,Texas,United States
MC-18100,Mick Crebagga,Consumer,El Paso,Texas,United States
TT-21460,Tonja Turnell,Home Office,Aurora,Illinois,United States
VG-21805,Vivek Grady,Corporate,Virginia Beach,Virginia,United States
MY-18295,Muhammed Yedwab,Corporate,Grapevine,Texas,United States
RD-19480,Rick Duston,Consumer,Olympia,Washington,United States
DP-13390,Dennis Pardue,Home Office,Peoria,Illinois,United States
ML-17395,Marina Lichtenstein,Corporate,Los Angeles,California,United States
JC-15385,Jenna Caffey,Consumer,Kent,Washington,United States
JG-15160,James Galang,Consumer,Los Angeles,California,United States
MC-17275,Marc Crier,Consumer,Lafayette,Louisiana,United States
NW-18400,Natalie Webber,Consumer,Tigard,Oregon,United States
TB-21280,Toby Braunhardt,Consumer,Washington,District of Columbia,United States
BS-11380,Bill Stewart,Corporate,Skokie,Illinois,United States
HH-15010,Hilary Holden,Corporate,San Francisco,California,United States
CD-12280,Christina DeMoss,Consumer,Seattle,Washington,United States
TH-21100,Thea Hendricks,Consumer,Los Angeles,California,United States
MM-18055,Michelle Moray,Consumer,Seattle,Washington,United States
NS-18505,Neola Schneider,Consumer,Dallas,Texas,United States
RB-19645,Robert Barroso,Corporate,North Las Vegas,Nevada,United States
SW-20455,Shaun Weien,Consumer,Suffolk,Virginia,United States
EB-13930,Eric Barreto,Consumer,San Francisco,California,United States
PS-18760,Pamela Stobb,Consumer,Los Angeles,California,United States
HF-14995,Herbert Flentye,Consumer,Indianapolis,Indiana,United States
HZ-14950,Henia Zydlo,Consumer,Columbus,Ohio,United States
CD-12790,Cynthia Delaney,Home Office,San Diego,California,United States
JK-15205,Jamie Kunitz,Consumer,San Francisco,California,United States
FM-14215,Filia McAdams,Corporate,Dublin,Ohio,United States
ED-13885,Emily Ducich,Home Office,San Diego,California,United States
DA-13450,Dianna Arnett,Home Office,Houston,Texas,United States
JW-15955,Joni Wasserman,Consumer,Oakland,California,United States
RM-19375,Raymond Messe,Consumer,Houston,Texas,United States
ML-17755,Max Ludwig,Home Office,Suffolk,Virginia,United States
CC-12685,Craig Carroll,Consumer,Greensboro,North Carolina,United States
JE-15610,Jim Epp,Corporate,Milwaukee,Wisconsin,United States
RP-19855,Roy Phan,Corporate,Kenosha,Wisconsin,United States
TB-21175,Thomas Boland,Corporate,Houston,Texas,United States
BE-11455,Brad Eason,Home Office,Olathe,Kansas,United States
JF-15565,Jill Fjeld,Consumer,Dallas,Texas,United States
PB-19210,Phillip Breyer,Corporate,Tulsa,Oklahoma,United States
BT-11680,Brian Thompson,Consumer,Newark,Ohio,United States
JL-15235,Janet Lee,Consumer,Chicago,Illinois,United States
CH-12070,Cathy Hwang,Home Office,Raleigh,North Carolina,United States
ND-18460,Neil Ducich,Corporate,Macon,Georgia,United States
BF-10975,Barbara Fisher,Corporate,Charlotte,North Carolina,United States
KH-16330,Katharine Harms,Corporate,Bowling Green,Kentucky,United States
GW-14605,Giulietta Weimer,Consumer,Seattle,Washington,United States
NC-18625,Noah Childs,Corporate,Aurora,Colorado,United States
ME-18010,Michelle Ellison,Corporate,San Francisco,California,United States
BP-11230,Benjamin Patterson,Consumer,Spokane,Washington,United States
JC-15775,John Castell,Consumer,San Antonio,Texas,United States
AS-10090,Adam Shillingsburg,Consumer,Charlottesville,Virginia,United States
AC-10450,Amy Cox,Consumer,Minneapolis,Minnesota,United States
MD-17860,Michael Dominguez,Corporate,Indianapolis,Indiana,United States
DB-13660,Duane Benoit,Consumer,Oceanside,New York,United States
EH-13990,Erica Hackney,Consumer,Roswell,Georgia,United States
EH-13765,Edward Hooks,Corporate,Watertown,New York,United States
SC-20230,Scot Coram,Corporate,Arlington,Texas,United States
JE-15715,Joe Elijah,Consumer,Broomfield,Colorado,United States
AC-10615,Ann Chong,Corporate,New York City,New York,United States
JD-16015,Joy Daniels,Consumer,Chicago,Illinois,United States
CB-12415,Christy Brittain,Consumer,Columbus,Ohio,United States
JS-16030,Joy Smith,Consumer,Houston,Texas,United States
LW-17215,Luke Weiss,Consumer,Pasadena,California,United States
SC-20800,Stuart Calhoun,Consumer,Houston,Texas,United States
AM-10705,Anne McFarland,Consumer,Auburn,Alabama,United States
RH-19510,Rick Huthwaite,Home Office,Providence,Rhode Island,United States
CT-11995,Carol Triggs,Consumer,Rochester,Minnesota,United States
MC-17590,Matt Collister,Corporate,Perth Amboy,New Jersey,United States
CC-12610,Corey Catlett,Corporate,Philadelphia,Pennsylvania,United States
KA-16525,Kelly Andreada,Consumer,Ontario,California,United States
TC-20980,Tamara Chand,Corporate,Seattle,Washington,United States
BF-11080,Bart Folk,Consumer,Baltimore,Maryland,United States
MM-17260,Magdelene Morse,Consumer,Wilmington,Delaware,United States
AH-10120,Adrian Hane,Home Office,Tucson,Arizona,United States
BW-11200,Ben Wallace,Consumer,Boynton Beach,Florida,United States
SW-20245,Scot Wooten,Consumer,Stockton,California,United States
BS-11665,Brian Stugart,Consumer,Philadelphia,Pennsylvania,United States
RF-19345,Randy Ferguson,Corporate,Dover,New Hampshire,United States
WB-21850,William Brown,Consumer,Philadelphia,Pennsylvania,United States
TB-21625,Trudy Brown,Consumer,Grand Prairie,Texas,United States
AF-10870,Art Ferguson,Consumer,College Station,Texas,United States
RB-19435,Richard Bierner,Consumer,Saint Louis,Missouri,United States
KF-16285,Karen Ferguson,Home Office,Manteca,California,United States
JH-15820,John Huston,Consumer,Kent,Ohio,United States
IL-15100,Ivan Liston,Consumer,San Francisco,California,United States
PB-18805,Patrick Bzostek,Home Office,Salt Lake City,Utah,United States
RH-19600,Rob Haberlin,Consumer,Huntsville,Alabama,United States
AW-10930,Arthur Wiediger,Home Office,Aurora,Illinois,United States
ML-17410,Maris LaWare,Consumer,Fairfield,Connecticut,United States
DB-13555,Dorothy Badders,Corporate,Jacksonville,Florida,United States
MH-17620,Matt Hagelstein,Corporate,San Francisco,California,United States
DK-13375,Dennis Kane,Consumer,Marion,Ohio,United States
BT-11440,Bobby Trafton,Consumer,Littleton,Colorado,United States
DB-13405,Denny Blanton,Consumer,La Porte,Indiana,United States
TG-21310,Toby Gnade,Consumer,Los Angeles,California,United States
BF-11005,Barry Franz,Home Office,Pasadena,California,United States
JM-16195,Justin MacKendrick,Consumer,Los Angeles,California,United States
MZ-17335,Maria Zettner,Home Office,San Diego,California,United States
MW-18220,Mitch Webber,Consumer,New York City,New York,United States
MV-17485,Mark Van Huff,Consumer,Arlington,Virginia,United States
SM-20320,Sean Miller,Home Office,Monroe,North Carolina,United States
TP-21415,Tom Prescott,Consumer,Seattle,Washington,United States
JK-15625,Jim Karlsson,Consumer,Seattle,Washington,United States
PJ-18835,Patrick Jones,Corporate,Murfreesboro,Tennessee,United States
RS-19420,Ricardo Sperren,Corporate,Seattle,Washington,United States
SV-20935,Susan Vittorini,Consumer,New York City,New York,United States
BC-11125,Becky Castell,Home Office,Peoria,Arizona,United States
EM-13825,Elizabeth Moffitt,Corporate,Sioux Falls,South Dakota,United States
BM-11575,Brendan Murry,Corporate,New York City,New York,United States
KN-16705,Kristina Nunn,Home Office,Fort Collins,Colorado,United States
KW-16570,Kelly Williams,Consumer,Clarksville,Tennessee,United States
SC-20260,Scott Cohen,Corporate,San Francisco,California,United States
CV-12295,Christina VanderZanden,Consumer,Fresno,California,United States
SG-20605,Speros Goranitis,Consumer,New York City,New York,United States
TM-21010,Tamara Manning,Consumer,San Francisco,California,United States
EM-13810,Eleni McCrary,Corporate,Los Angeles,California,United States
ML-18040,Michelle Lonsdale,Corporate,Albuquerque,New Mexico,United States
CR-12580,Clay Rozendal,Home Office,Elmhurst,Illinois,United States
AZ-10750,Annie Zypern,Consumer,New York City,New York,United States
PW-19240,Pierre Wener,Consumer,Louisville,Colorado,United States
SC-20380,Shahid Collister,Consumer,Seattle,Washington,United States
CM-11935,Carlos Meador,Consumer,Fayetteville,North Carolina,United States
GM-14695,Greg Maxwell,Corporate,Los Angeles,California,United States
TB-21250,Tim Brockman,Consumer,New York City,New York,United States
JM-15865,John Murray,Consumer,Jamestown,New York,United States
SC-20575,Sonia Cooley,Consumer,Mishawaka,Indiana,United States
LS-17200,Luke Schmidt,Corporate,Skokie,Illinois,United States
RR-19315,Ralph Ritter,Consumer,San Francisco,California,United States
DB-12910,Daniel Byrd,Home Office,Tampa,Florida,United States
TT-21220,Thomas Thornton,Consumer,Houston,Texas,United States
LO-17170,Lori Olson,Corporate,La Quinta,California,United States
KD-16615,Ken Dana,Corporate,Scottsdale,Arizona,United States
NB-18580,Nicole Brennan,Corporate,Philadelphia,Pennsylvania,United States
BD-11635,Brian Derr,Consumer,Bowling Green,Kentucky,United States
CM-12235,Chris McAfee,Consumer,Carrollton,Texas,United States
EN-13780,Edward Nazzal,Consumer,New York City,New York,United States
KN-16450,Kean Nguyen,Corporate,Jacksonville,Florida,United States
BO-11350,Bill Overfelt,Corporate,Los Angeles,California,United States
AG-10300,Aleksandra Gannaway,Corporate,Los Angeles,California,United States
MC-17635,Matthew Clasen,Corporate,Saint Louis,Missouri,United States
TA-21385,Tom Ashbrook,Home Office,New York City,New York,United States
JF-15295,Jason Fortune-,Consumer,Seattle,Washington,United States
TT-21265,Tim Taslimi,Corporate,Los Angeles,California,United States
SB-20170,Sarah Bern,Consumer,New York City,New York,United States
CL-12700,Craig Leslie,Home Office,Springfield,Missouri,United States
HG-15025,Hunter Glantz,Consumer,Amarillo,Texas,United States
NL-18310,Nancy Lomonaco,Home Office,Los Angeles,California,United States
RR-19525,Rick Reed,Corporate,Lowell,Massachusetts,United States
TC-21295,Toby Carlisle,Consumer,San Diego,California,United States
SV-20785,Stewart Visinsky,Consumer,Pueblo,Colorado,United States
BE-11410,Bobby Elias,Consumer,Lancaster,Ohio,United States
SC-20680,Steve Carroll,Home Office,Columbus,Georgia,United States
DF-13135,David Flashing,Consumer,Vallejo,California,United States
FH-14350,Fred Harton,Consumer,Seattle,Washington,United States
MS-17530,MaryBeth Skach,Consumer,San Diego,California,United States
RH-19555,Ritsa Hightower,Consumer,Tallahassee,Florida,United States
GA-14515,George Ashbrook,Consumer,San Francisco,California,United States
JP-16135,Julie Prescott,Home Office,Columbus,Georgia,United States
Dp-13240,Dean percer,Home Office,Murray,Utah,United States
MO-17950,Michael Oakman,Consumer,Dallas,Texas,United States
DL-13330,Denise Leinenbach,Consumer,Las Cruces,New Mexico,United States
MH-18025,Michelle Huthwaite,Consumer,Seattle,Washington,United States
DR-12940,Daniel Raglin,Home Office,Franklin,Massachusetts,United States
DM-13015,Darrin Martin,Consumer,Encinitas,California,United States
CA-11965,Carol Adams,Corporate,Hoover,Alabama,United States
AC-10660,Anna Chung,Consumer,Huntsville,Texas,United States
DM-13345,Denise Monton,Corporate,Roswell,Georgia,United States
VF-21715,Vicky Freymann,Home Office,Columbus,Indiana,United States
CC-12370,Christopher Conant,Consumer,Fayetteville,North Carolina,United States
BF-11275,Beth Fritzler,Corporate,Tucson,Arizona,United States
HG-14845,Harry Greene,Consumer,Lake Charles,Louisiana,United States
BP-11155,Becky Pak,Consumer,Columbus,Georgia,United States
EM-14140,Eugene Moren,Home Office,Glendale,Arizona,United States
MA-17995,Michelle Arnett,Home Office,Watertown,New York,United States
AY-10555,Andy Yotov,Corporate,Oceanside,California,United States
GB-14575,Giulietta Baptist,Consumer,Philadelphia,Pennsylvania,United States
JB-16045,Julia Barnett,Home Office,Columbus,Georgia,United States
MG-17875,Michael Grace,Home Office,New York City,New York,United States
SR-20425,Sharelle Roach,Home Office,Louisville,Colorado,United States
JB-16000,Joy Bell-,Consumer,Brownsville,Texas,United States
DM-12955,Dario Medina,Corporate,Lincoln Park,Michigan,United States
TC-21475,Tony Chapman,Home Office,Columbus,Georgia,United States
SW-20350,Sean Wendt,Home Office,Detroit,Michigan,United States
RE-19450,Richard Eichhorn,Consumer,Dallas,Texas,United States
BF-11215,Benjamin Farhat,Home Office,Albuquerque,New Mexico,United States
KB-16405,Katrina Bavinger,Home Office,Apple Valley,California,United States
JG-15310,Jason Gross,Corporate,Providence,Rhode Island,United States
EC-14050,Erin Creighton,Consumer,New York City,New York,United States
EB-14110,Eugene Barchas,Consumer,Philadelphia,Pennsylvania,United States
JP-15460,Jennifer Patt,Corporate,Oceanside,New York,United States
CS-11845,Cari Sayre,Corporate,Seattle,Washington,United States
GH-14410,Gary Hansen,Home Office,Glendale,Arizona,United States
PT-19090,Pete Takahito,Consumer,Houston,Texas,United States
JL-15130,Jack Lebron,Consumer,Houston,Texas,United States
AH-10030,Aaron Hawkins,Corporate,Philadelphia,Pennsylvania,United States
CC-12475,Cindy Chapman,Consumer,New York City,New York,United States
DW-13195,David Wiener,Corporate,Houston,Texas,United States
SJ-20215,Sarah Jordon,Consumer,Grand Prairie,Texas,United States
BG-11740,Bruce Geld,Consumer,Philadelphia,Pennsylvania,United States
LB-16795,Laurel Beltran,Home Office,Highland Park,Illinois,United States
CM-11815,Candace McMahon,Corporate,Pasadena,Texas,United States
EH-14185,Evan Henry,Consumer,Decatur,Alabama,United States
TS-21505,Tony Sayre,Consumer,Columbia,Tennessee,United States
PR-18880,Patrick Ryan,Consumer,Oakland,California,United States
LC-17050,Liz Carlisle,Consumer,Mission Viejo,California,United States
CS-12490,Cindy Schnelling,Corporate,Conroe,Texas,United States
DH-13075,Dave Hallsten,Corporate,Richmond,Kentucky,United States
JO-15145,Jack O'Briant,Corporate,Philadelphia,Pennsylvania,United States
AH-10690,Anna Häberlin,Corporate,New York City,New York,United States
HJ-14875,Heather Jas,Home Office,Jacksonville,Florida,United States
MH-17455,Mark Hamilton,Consumer,Jacksonville,North Carolina,United States
RD-19930,Russell D'Ascenzo,Consumer,Austin,Texas,United States
SC-20020,Sam Craven,Consumer,Plano,Texas,United States
SU-20665,Stephanie Ulpright,Home Office,Jackson,Mississippi,United States
FC-14335,Fred Chung,Corporate,Mesquite,Texas,United States
RB-19330,Randy Bradley,Consumer,Philadelphia,Pennsylvania,United States
NC-18535,Nick Crebassa,Corporate,Dallas,Texas,United States
DB-12970,Darren Budd,Corporate,Los Angeles,California,United States
MF-17665,Maureen Fritzler,Corporate,Toledo,Ohio,United States
RM-19750,Roland Murray,Consumer,New York City,New York,United States
VM-21835,Vivian Mathis,Consumer,Newark,Delaware,United States
EJ-13720,Ed Jacobs,Consumer,San Diego,California,United States
NC-18415,Nathan Cano,Consumer,Jacksonville,North Carolina,United States
LS-17230,Lycoris Saunders,Consumer,Dover,Delaware,United States
KE-16420,Katrina Edelman,Corporate,Bristol,Tennessee,United States
DH-13675,Duane Huffman,Home Office,Quincy,Massachusetts,United States
PF-19120,Peter Fuller,Consumer,Gilbert,Arizona,United States
VT-21700,Valerie Takahito,Home Office,Philadelphia,Pennsylvania,United States
MG-17695,Maureen Gnade,Consumer,Buffalo,New York,United States
SP-20920,Susan Pistek,Consumer,Los Angeles,California,United States
CS-12175,Charles Sheldon,Corporate,Columbia,Tennessee,United States
DK-12895,Dana Kaydos,Consumer,Kenosha,Wisconsin,United States
KM-16660,Khloe Miller,Consumer,Roswell,Georgia,United States
AA-10645,Anna Andreadi,Consumer,Chester,Pennsylvania,United States
DD-13570,Dorothy Dickinson,Consumer,Houston,Texas,United States
AH-10465,Amy Hunt,Consumer,New York City,New York,United States
TP-21565,Tracy Poddar,Corporate,Aurora,Colorado,United States
EK-13795,Eileen Kiefer,Home Office,Santa Ana,California,United States
CR-12820,Cyra Reiten,Home Office,New York City,New York,United States
SG-20890,Susan Gilcrest,Corporate,Mcallen,Texas,United States
AH-10585,Angele Hood,Consumer,Chicago,Illinois,United States
NF-18475,Neil Französisch,Home Office,Rockford,Illinois,United States
BS-11365,Bill Shonely,Corporate,New York City,New York,United States
SH-20635,Stefanie Holloman,Corporate,Jackson,Tennessee,United States
RD-19720,Roger Demir,Consumer,Daytona Beach,Florida,United States
AG-10330,Alex Grayson,Consumer,Stockton,California,United States
GR-14560,Georgia Rosenberg,Corporate,San Francisco,California,United States
VS-21820,Vivek Sundaresam,Consumer,Los Angeles,California,United States
TM-21490,Tony Molinari,Consumer,Oklahoma City,Oklahoma,United States
TS-21430,Tom Stivers,Corporate,Los Angeles,California,United States
DB-13360,Dennis Bolton,Home Office,New York City,New York,United States
NR-18550,Nick Radford,Consumer,Aurora,Illinois,United States
CS-11860,Cari Schnelling,Consumer,Jacksonville,North Carolina,United States
MF-18250,Monica Federle,Corporate,Los Angeles,California,United States
LW-17125,Liz Willingham,Consumer,Norwich,Connecticut,United States
AR-10345,Alex Russell,Corporate,Lawrence,Massachusetts,United States
KS-16300,Karen Seio,Corporate,Lehi,Utah,United States
AB-10015,Aaron Bergman,Consumer,Seattle,Washington,United States
LR-17035,Lisa Ryan,Corporate,Philadelphia,Pennsylvania,United States
SS-20410,Shahid Shariari,Consumer,Los Angeles,California,United States
JM-15580,Jill Matthias,Consumer,Monroe,North Carolina,United States
JK-15325,Jason Klamczynski,Corporate,Dallas,Texas,United States
DM-13525,Don Miller,Corporate,Houston,Texas,United States
ML-18265,Muhammed Lee,Consumer,Seattle,Washington,United States
MH-17290,Marc Harrigan,Home Office,Los Angeles,California,United States
FC-14245,Frank Carlisle,Home Office,Lakewood,Ohio,United States
TH-21115,Thea Hudgings,Corporate,Philadelphia,Pennsylvania,United States
JK-16090,Juliana Krohn,Consumer,Omaha,Nebraska,United States
SB-20185,Sarah Brown,Consumer,Concord,New Hampshire,United States
BG-11035,Barry Gonzalez,Consumer,Monroe,Louisiana,United States
BW-11065,Barry Weirich,Consumer,Raleigh,North Carolina,United States
MG-18205,Mitch Gastineau,Corporate,Jacksonville,Florida,United States
DO-13645,Doug O'Connell,Consumer,Los Angeles,California,United States
BP-11050,Barry Pond,Corporate,Cranston,Rhode Island,United States
TS-21655,Trudy Schmidt,Consumer,Milwaukee,Wisconsin,United States
EM-14200,Evan Minnotte,Home Office,Virginia Beach,Virginia,United States
AO-10810,Anthony O'Donnell,Corporate,Los Angeles,California,United States
MH-17440,Mark Haberlin,Corporate,New York City,New York,United States
SS-20515,Shirley Schmidt,Home Office,Louisville,Kentucky,United States
LD-16855,Lela Donovan,Corporate,Chicago,Illinois,United States
VP-21760,Victoria Pisteka,Corporate,San Francisco,California,United States
TC-21145,Theresa Coyne,Corporate,Lakewood,New Jersey,United States
IM-15055,Ionia McGrath,Consumer,Roseville,California,United States
AR-10570,Anemone Ratner,Consumer,Columbus,Georgia,United States
CM-12715,Craig Molinari,Corporate,Huntsville,Texas,United States
FW-14395,Fred Wasserman,Corporate,Huntsville,Alabama,United States
LC-16960,Lindsay Castell,Home Office,Arlington,Virginia,United States
HE-14800,Harold Engle,Corporate,Chicago,Illinois,United States
BD-11560,Brendan Dodson,Home Office,Fresno,California,United States
HD-14785,Harold Dahlen,Home Office,Philadelphia,Pennsylvania,United States
CJ-11875,Carl Jackson,Corporate,Philadelphia,Pennsylvania,United States
RS-19870,Roy Skaria,Home Office,Burlington,Iowa,United States
SC-20845,Sung Chung,Consumer,Arlington Heights,Illinois,United States
RE-19405,Ricardo Emerson,Consumer,Kent,Ohio,United States
SM-20905,Susan MacKendrick,Consumer,Newark,Ohio,United States
